Date,Open,High,Low,Close,Volume,Market_Cap
Oct 02  2019,0.003803,0.003803,0.003803,0.003803,-,1 690 337
Oct 01  2019,0.003730,0.003827,0.003699,0.003803,-,1 690 337
Sep 30  2019,0.003454,0.003738,0.003296,0.003730,5,1 657 680
Sep 29  2019,0.003454,0.003454,0.003454,0.003454,-,1 534 903
Sep 28  2019,0.003454,0.003454,0.003454,0.003454,-,1 534 903
Sep 27  2019,0.003484,0.003496,0.003417,0.003454,-,1 534 903
Sep 26  2019,0.004875,0.004875,0.003387,0.003484,31,1 548 653
Sep 25  2019,0.004875,0.004875,0.004875,0.004875,-,2 166 564
Sep 24  2019,0.004875,0.004875,0.004875,0.004875,-,2 166 564
Sep 23  2019,0.004875,0.004875,0.004875,0.004875,-,2 166 564
Sep 22  2019,0.004875,0.004875,0.004875,0.004875,-,2 166 564
Sep 21  2019,0.004887,0.004892,0.004872,0.004875,-,2 166 564
Sep 20  2019,0.003620,0.004922,0.003620,0.004889,31,2 173 086
Sep 19  2019,0.003620,0.003620,0.003620,0.003620,-,1 608 720
Sep 18  2019,0.003620,0.003620,0.003620,0.003620,-,1 608 720
Sep 17  2019,0.003620,0.003620,0.003620,0.003620,-,1 608 720
Sep 16  2019,0.003620,0.003620,0.003620,0.003620,-,1 608 720
Sep 15  2019,0.003624,0.003631,0.003610,0.003620,-,1 608 720
Sep 14  2019,0.005383,0.005383,0.003599,0.003624,2,1 610 627
Sep 13  2019,0.005383,0.005383,0.005383,0.005383,-,2 392 570
Sep 12  2019,0.005383,0.005383,0.005383,0.005383,-,2 392 570
Sep 11  2019,0.005383,0.005383,0.005383,0.005383,-,2 392 570
Sep 10  2019,0.005383,0.005383,0.005383,0.005383,-,2 392 570
Sep 09  2019,0.005383,0.005383,0.005383,0.005383,-,2 392 570
Sep 08  2019,0.005358,0.005406,0.005355,0.005383,-,2 392 570
Sep 07  2019,0.003315,0.005390,0.003311,0.005362,1,2 383 006
Sep 06  2019,0.003853,0.003853,0.003308,0.003313,33,1 472 646
Sep 05  2019,0.003853,0.003853,0.003853,0.003853,-,1 712 295
Sep 04  2019,0.003853,0.003853,0.003853,0.003853,-,1 712 295
Sep 03  2019,0.003727,0.003865,0.003714,0.003853,-,1 712 295
Sep 02  2019,0.004582,0.004605,0.003722,0.003726,5,1 656 188
Sep 01  2019,0.003162,0.004603,0.003162,0.004582,18,2 036 305
Aug 31  2019,0.003165,0.003186,0.003157,0.003162,-,1 405 269
Aug 30  2019,0.006654,0.006662,0.003142,0.003164,9,1 406 111
Aug 29  2019,0.004191,0.006864,0.002631,0.006654,47,2 957 312
Aug 28  2019,0.010903,0.010920,0.004178,0.004190,118,1 862 389
Aug 27  2019,0.012056,0.012056,0.010825,0.010901,1,4 845 079
Aug 26  2019,0.012056,0.012056,0.012056,0.012056,-,5 358 388
Aug 25  2019,0.012056,0.012056,0.012056,0.012056,-,5 358 388
Aug 24  2019,0.012056,0.012056,0.012056,0.012056,-,5 358 388
Aug 23  2019,0.011744,0.012085,0.011683,0.012056,-,5 358 388
Aug 22  2019,0.011048,0.013514,0.011048,0.011744,11,5 219 716
Aug 21  2019,0.011837,0.011883,0.010947,0.011048,-,4 910 443
Aug 20  2019,0.015504,0.015532,0.011359,0.011837,12,5 261 042
Aug 19  2019,0.010753,0.015504,0.010710,0.015504,13,6 890 705
Aug 18  2019,0.011079,0.011079,0.010737,0.010748,3,4 776 785
Aug 17  2019,0.011079,0.011079,0.011079,0.011079,-,4 923 853
Aug 16  2019,0.011347,0.011449,0.010849,0.011079,-,4 923 853
Aug 15  2019,0.010346,0.011522,0.009935,0.011346,15,5 042 590
Aug 14  2019,0.010472,0.010541,0.009937,0.010346,35,4 598 168
Aug 13  2019,0.010590,0.010618,0.010451,0.010472,-,4 654 044
Aug 12  2019,0.011083,0.011083,0.010571,0.010588,4,4 705 632
Aug 11  2019,0.011008,0.011108,0.010892,0.011083,-,4 925 779
Aug 10  2019,0.011203,0.014569,0.010974,0.011009,71,4 893 098
Aug 09  2019,0.011203,0.011203,0.011203,0.011203,-,4 979 003
Aug 08  2019,0.011354,0.011375,0.011191,0.011203,-,4 979 003
Aug 07  2019,0.008840,0.011391,0.008840,0.011354,1,5 046 041
Aug 06  2019,0.008840,0.008840,0.008840,0.008840,-,3 928 729
Aug 05  2019,0.008840,0.008840,0.008840,0.008840,-,3 928 729
Aug 04  2019,0.008840,0.008840,0.008840,0.008840,-,3 928 729
Aug 03  2019,0.008840,0.008840,0.008840,0.008840,-,3 928 729
Aug 02  2019,0.008840,0.008840,0.008840,0.008840,-,3 928 729
Aug 01  2019,0.008840,0.008840,0.008840,0.008840,-,3 928 729
Jul 31  2019,0.008840,0.008840,0.008840,0.008840,-,3 928 729
Jul 30  2019,0.008840,0.008840,0.008840,0.008840,-,3 928 729
Jul 29  2019,0.008840,0.008840,0.008840,0.008840,-,3 928 729
Jul 28  2019,0.008840,0.008840,0.008840,0.008840,-,3 928 729
Jul 27  2019,0.008840,0.008840,0.008840,0.008840,-,3 928 729
Jul 26  2019,0.008840,0.008840,0.008840,0.008840,-,3 928 729
Jul 25  2019,0.008840,0.008840,0.008840,0.008840,-,3 928 729
Jul 24  2019,0.008840,0.008840,0.008840,0.008840,-,3 928 729
Jul 23  2019,0.008840,0.008840,0.008840,0.008840,-,3 928 729
Jul 22  2019,0.008840,0.008840,0.008840,0.008840,-,3 928 729
Jul 21  2019,0.008840,0.008840,0.008840,0.008840,-,3 928 729
Jul 20  2019,0.008840,0.008840,0.008840,0.008840,-,3 928 729
Jul 19  2019,0.008840,0.008840,0.008840,0.008840,-,3 928 729
Jul 18  2019,0.008840,0.008840,0.008840,0.008840,-,3 928 729
Jul 17  2019,0.008586,0.009068,0.008295,0.008840,-,3 928 729
Jul 16  2019,0.011629,0.011629,0.008565,0.008603,2,3 823 669
Jul 15  2019,0.011060,0.011642,0.010760,0.011629,-,5 168 307
Jul 14  2019,0.013957,0.013957,0.009340,0.011053,38,4 912 528
Jul 13  2019,0.013957,0.013957,0.013957,0.013957,-,6 203 258
Jul 12  2019,0.013957,0.013957,0.013957,0.013957,-,6 203 258
Jul 11  2019,0.013957,0.013957,0.013957,0.013957,-,6 203 258
Jul 10  2019,0.013957,0.013957,0.013957,0.013957,-,6 203 258
Jul 09  2019,0.013957,0.013957,0.013957,0.013957,-,6 203 258
Jul 08  2019,0.013957,0.013957,0.013957,0.013957,-,6 203 258
Jul 07  2019,0.013957,0.013957,0.013957,0.013957,-,6 203 258
Jul 06  2019,0.013485,0.014189,0.013484,0.013957,-,6 203 258
Jul 05  2019,0.011352,0.014005,0.009976,0.013488,87,5 994 529
Jul 04  2019,0.011597,0.011658,0.011305,0.011352,-,5 045 480
Jul 03  2019,0.011403,0.011609,0.010671,0.011597,14,5 154 397
Jul 02  2019,0.011403,0.011403,0.011403,0.011403,-,5 068 197
Jul 01  2019,0.011403,0.011403,0.011403,0.011403,-,5 068 197
Jun 30  2019,0.011403,0.011403,0.011403,0.011403,-,5 068 197
Jun 29  2019,0.011776,0.011778,0.010890,0.011403,-,5 068 197
Jun 28  2019,0.014172,0.015713,0.011663,0.011767,36,5 229 592
Jun 27  2019,0.016502,0.016890,0.012648,0.014172,23,6 298 743
Jun 26  2019,0.014973,0.017475,0.014915,0.016495,0,7 331 109
Jun 25  2019,0.016902,0.018354,0.014550,0.014973,67,6 654 682
Jun 24  2019,0.016902,0.016902,0.016902,0.016902,-,7 512 143
Jun 23  2019,0.016902,0.016902,0.016902,0.016902,-,7 512 143
Jun 22  2019,0.016054,0.017652,0.015952,0.016902,-,7 512 143
Jun 21  2019,0.018249,0.020588,0.015684,0.016054,1 246,7 135 058
Jun 20  2019,0.018249,0.018249,0.018249,0.018249,-,8 110 847
Jun 19  2019,0.018249,0.018249,0.018249,0.018249,-,8 110 847
Jun 18  2019,0.018655,0.018712,0.017971,0.018249,-,8 110 847
Jun 17  2019,0.017913,0.019412,0.017913,0.018663,1 139,8 294 617
Jun 16  2019,0.017913,0.017913,0.017913,0.017913,-,7 961 252
Jun 15  2019,0.017913,0.017913,0.017913,0.017913,-,7 961 252
Jun 14  2019,0.017027,0.017926,0.016909,0.017913,-,7 961 252
Jun 13  2019,0.023413,0.023505,0.016975,0.017015,27,7 562 179
Jun 12  2019,0.022794,0.023607,0.022564,0.023397,6,10 398 532
Jun 11  2019,0.019759,0.022849,0.019168,0.022794,137,10 130 484
Jun 10  2019,0.018883,0.019842,0.018653,0.019739,14,8 772 946
Jun 09  2019,0.018465,0.019183,0.017107,0.018931,227,8 413 736
Jun 08  2019,0.018665,0.018790,0.018423,0.018465,-,8 206 514
Jun 07  2019,0.018961,0.019456,0.017558,0.018669,260,8 297 114
Jun 06  2019,0.020890,0.020890,0.018380,0.018960,1,8 426 595
Jun 05  2019,0.020890,0.020890,0.020890,0.020890,-,9 284 536
Jun 04  2019,0.020890,0.020890,0.020890,0.020890,-,9 284 536
Jun 03  2019,0.021562,0.021562,0.020648,0.020890,-,9 284 536
Jun 02  2019,0.017991,0.021579,0.017991,0.021557,120,9 580 998
Jun 01  2019,0.017991,0.017991,0.017991,0.017991,-,7 995 873
May 31  2019,0.017644,0.018035,0.017337,0.017991,-,7 995 873
May 30  2019,0.020007,0.021093,0.017334,0.017644,17,7 841 674
May 29  2019,0.025961,0.025961,0.019938,0.020007,11 249,8 891 851
May 28  2019,0.025961,0.025961,0.025961,0.025961,-,11 538 437
May 27  2019,0.025876,0.026415,0.025819,0.025961,-,11 538 437
May 26  2019,0.017914,0.025901,0.017914,0.025865,4 355,11 495 644
May 25  2019,0.017914,0.017914,0.017914,0.017914,-,7 961 588
May 24  2019,0.017914,0.017914,0.017914,0.017914,-,7 961 588
May 23  2019,0.017986,0.018041,0.017801,0.017914,-,7 961 588
May 22  2019,0.026072,0.026224,0.017852,0.018010,121,8 004 272
May 21  2019,0.026228,0.026466,0.024747,0.026077,8 422,11 589 625
May 20  2019,0.022062,0.026600,0.019582,0.026243,8 534,11 663 758
May 19  2019,0.022062,0.022062,0.022062,0.022062,-,9 805 436
May 18  2019,0.021885,0.022231,0.021670,0.022062,-,9 805 436
May 17  2019,0.019694,0.021980,0.017649,0.021885,8 879,9 726 879
May 16  2019,0.023628,0.024044,0.019227,0.019702,699,8 756 316
May 15  2019,0.015765,0.023793,0.015765,0.023662,84,10 516 470
May 14  2019,0.015765,0.015765,0.015765,0.015765,-,7 006 775
May 13  2019,0.015765,0.015765,0.015765,0.015765,-,7 006 775
May 12  2019,0.015765,0.015765,0.015765,0.015765,-,7 006 775
May 11  2019,0.015765,0.015765,0.015765,0.015765,-,7 006 775
May 10  2019,0.015765,0.015765,0.015765,0.015765,-,7 006 775
May 09  2019,0.015765,0.015765,0.015765,0.015765,-,7 006 775
May 08  2019,0.015765,0.015765,0.015765,0.015765,-,7 006 775
May 07  2019,0.015765,0.015765,0.015765,0.015765,-,7 006 775
May 06  2019,0.015765,0.015765,0.015765,0.015765,-,7 006 775
May 05  2019,0.015765,0.015765,0.015765,0.015765,-,7 006 775
May 04  2019,0.015765,0.015765,0.015765,0.015765,-,7 006 775
May 03  2019,0.015765,0.015765,0.015765,0.015765,-,7 006 775
May 02  2019,0.015765,0.015765,0.015765,0.015765,-,7 006 775
May 01  2019,0.015723,0.015874,0.015719,0.015765,-,7 006 775
Apr 30  2019,0.014206,0.015768,0.014135,0.015725,8 294,6 989 081
Apr 29  2019,0.013430,0.014317,0.013430,0.014205,8 189,6 313 162
Apr 28  2019,0.013419,0.013567,0.013352,0.013430,-,5 968 971
Apr 27  2019,0.013419,0.013535,0.013324,0.013416,334,5 962 809
Apr 26  2019,0.015053,0.015053,0.013202,0.013411,75,5 960 370
Apr 25  2019,0.016054,0.016265,0.015053,0.015053,-,6 690 198
Apr 24  2019,0.015415,0.016090,0.014283,0.016054,12 719,7 134 977
Apr 23  2019,0.015002,0.015594,0.014962,0.015415,17,6 851 125
Apr 22  2019,0.014707,0.016015,0.014606,0.015002,11 793,6 667 345
Apr 21  2019,0.015686,0.015747,0.014552,0.014714,70,6 539 666
Apr 20  2019,0.015595,0.015781,0.014906,0.015680,7 614,6 968 711
Apr 19  2019,0.015692,0.015695,0.012885,0.015595,6 472,6 930 913
Apr 18  2019,0.014540,0.015766,0.014540,0.015693,6 703,6 974 598
Apr 17  2019,0.015545,0.015671,0.014455,0.014540,46,6 462 160
Apr 16  2019,0.014034,0.015576,0.013993,0.015552,7 643,6 911 827
Apr 15  2019,0.014432,0.014509,0.013911,0.014034,11,6 237 329
Apr 14  2019,0.010924,0.015280,0.010924,0.014432,6 122,6 414 321
Apr 13  2019,0.010924,0.010924,0.010924,0.010924,-,4 854 992
Apr 12  2019,0.010924,0.010924,0.010924,0.010924,-,4 854 992
Apr 11  2019,0.011429,0.011483,0.010748,0.010924,-,4 854 992
Apr 10  2019,0.014178,0.015991,0.010490,0.011424,103,5 077 354
Apr 09  2019,0.014786,0.014786,0.014062,0.014182,1,6 303 196
Apr 08  2019,0.014722,0.014823,0.014366,0.014786,13,6 571 491
Apr 07  2019,0.014722,0.014722,0.014722,0.014722,-,6 543 123
Apr 06  2019,0.014760,0.014760,0.014722,0.014722,-,6 543 123
Apr 05  2019,0.014396,0.014808,0.014393,0.014756,1,6 558 211
Apr 04  2019,0.015298,0.015586,0.014396,0.014396,1,6 398 442
Apr 03  2019,0.015697,0.016334,0.015042,0.015290,1,6 795 766
Apr 02  2019,0.012957,0.015806,0.012452,0.015689,180,6 972 845
Apr 01  2019,0.012211,0.016452,0.012157,0.012946,77,5 753 827
Mar 31  2019,0.012308,0.012308,0.012191,0.012216,149,5 429 395
Mar 30  2019,0.012281,0.013245,0.012148,0.012308,-,5 470 406
Mar 29  2019,0.012230,0.012375,0.012116,0.012306,2,5 469 134
Mar 28  2019,0.012161,0.012332,0.012118,0.012230,2,5 435 639
Mar 27  2019,0.011980,0.012192,0.011950,0.012161,3,5 404 724
Mar 26  2019,0.013393,0.013903,0.011801,0.011974,59,5 321 792
Mar 25  2019,0.013793,0.015315,0.013308,0.013433,11,5 970 064
Mar 24  2019,0.014499,0.014526,0.011750,0.013769,9 749,6 119 705
Mar 23  2019,0.015986,0.016115,0.011462,0.014514,40,6 450 608
Mar 22  2019,0.011774,0.016042,0.011774,0.015997,4 416,7 109 593
Mar 21  2019,0.011959,0.012006,0.011710,0.011799,129,5 244 006
Mar 20  2019,0.012587,0.016151,0.011592,0.011941,165,5 307 246
Mar 19  2019,0.012931,0.015680,0.012108,0.012586,5 924,5 593 834
Mar 18  2019,0.013997,0.014749,0.008046,0.012923,4 499,5 743 490
Mar 17  2019,0.011854,0.014236,0.011638,0.013985,5 350,6 215 706
Mar 16  2019,0.009308,0.011876,0.008096,0.011852,30,5 267 631
Mar 15  2019,0.010970,0.015321,0.009282,0.009310,6 784,4 137 699
Mar 14  2019,0.007720,0.011070,0.007221,0.010978,8 640,4 879 159
Mar 13  2019,0.004850,0.007774,0.004834,0.007722,58,3 432 096
Mar 12  2019,0.004718,0.005097,0.004718,0.004839,38,2 150 677
Mar 11  2019,0.004778,0.004805,0.004699,0.004718,-,2 097 070
Mar 10  2019,0.005991,0.010261,0.004767,0.004774,58,2 121 996
Mar 09  2019,0.005882,0.006023,0.005877,0.005983,0,2 659 102
Mar 08  2019,0.007677,0.007677,0.005843,0.005887,1,2 616 272
Mar 07  2019,0.007656,0.007722,0.007636,0.007677,-,3 411 880
Mar 06  2019,0.005794,0.007680,0.005794,0.007646,4,3 398 379
Mar 05  2019,0.005794,0.005794,0.005794,0.005794,-,2 575 187
Mar 04  2019,0.005794,0.005794,0.005794,0.005794,-,2 575 187
Mar 03  2019,0.005794,0.005794,0.005794,0.005794,-,2 575 187
Mar 02  2019,0.005794,0.005794,0.005794,0.005794,-,2 575 187
Mar 01  2019,0.005794,0.005794,0.005794,0.005794,-,2 575 187
Feb 28  2019,0.005794,0.005794,0.005794,0.005794,-,2 575 187
Feb 27  2019,0.005822,0.005822,0.005786,0.005794,-,2 575 187
Feb 26  2019,0.008197,0.008197,0.005782,0.005817,0,2 585 362
Feb 25  2019,0.008197,0.008197,0.008197,0.008197,-,3 643 071
Feb 24  2019,0.008206,0.008343,0.008190,0.008197,-,3 643 071
Feb 23  2019,0.007952,0.008243,0.007839,0.008197,0,3 643 286
Feb 22  2019,0.005073,0.007971,0.005001,0.007966,139,3 540 568
Feb 21  2019,0.005073,0.005073,0.005073,0.005073,-,2 254 690
Feb 20  2019,0.005053,0.005075,0.005028,0.005073,-,2 254 690
Feb 19  2019,0.005016,0.005140,0.005003,0.005057,6,2 247 661
Feb 18  2019,0.004879,0.005041,0.004732,0.005010,6,2 226 656
Feb 17  2019,0.004811,0.004890,0.004805,0.004877,1,2 167 738
Feb 16  2019,0.004811,0.004811,0.004811,0.004811,-,2 138 181
Feb 15  2019,0.004811,0.004811,0.004811,0.004811,-,2 138 181
Feb 14  2019,0.004811,0.004811,0.004811,0.004811,-,2 138 181
Feb 13  2019,0.004849,0.004878,0.004804,0.004811,-,2 138 181
Feb 12  2019,0.004851,0.004880,0.004805,0.004850,1,2 155 572
Feb 11  2019,0.004954,0.004954,0.004841,0.004841,0,2 151 755
Feb 10  2019,0.004916,0.004957,0.004877,0.004957,0,2 203 087
Feb 09  2019,0.005283,0.005291,0.004842,0.004911,13,2 182 567
Feb 08  2019,0.004963,0.005283,0.004941,0.005283,2,2 347 823
Feb 07  2019,0.005071,0.005071,0.004952,0.004962,4,2 205 165
Feb 06  2019,0.005071,0.005071,0.005071,0.005071,-,2 253 771
Feb 05  2019,0.005071,0.005071,0.005071,0.005071,-,2 253 771
Feb 04  2019,0.005071,0.005071,0.005071,0.005071,-,2 253 771
Feb 03  2019,0.005131,0.005141,0.005052,0.005071,-,2 253 771
Feb 02  2019,0.005220,0.005249,0.005060,0.005130,2,2 279 902
Feb 01  2019,0.005222,0.005271,0.005171,0.005227,11,2 322 968
Jan 31  2019,0.005050,0.005246,0.005044,0.005215,2,2 317 819
Jan 30  2019,0.005987,0.005987,0.004965,0.005051,11,2 245 096
Jan 29  2019,0.006311,0.006322,0.006182,0.006253,-,2 779 173
Jan 28  2019,0.006515,0.006525,0.006246,0.006307,5,2 802 899
Jan 27  2019,0.006228,0.006570,0.006199,0.006509,3,2 893 007
Jan 26  2019,0.006179,0.006327,0.006179,0.006227,1,2 767 673
Jan 25  2019,0.006179,0.006179,0.006179,0.006179,-,2 746 200
Jan 24  2019,0.006179,0.006179,0.006179,0.006179,-,2 746 200
Jan 23  2019,0.006179,0.006179,0.006179,0.006179,-,2 746 200
Jan 22  2019,0.006114,0.006194,0.006019,0.006179,-,2 746 200
Jan 21  2019,0.010358,0.010358,0.006063,0.006110,6,2 715 573
Jan 20  2019,0.010358,0.010358,0.010358,0.010358,-,4 603 769
Jan 19  2019,0.010358,0.010358,0.010358,0.010358,-,4 603 769
Jan 18  2019,0.010358,0.010358,0.010358,0.010358,-,4 603 769
Jan 17  2019,0.010358,0.010358,0.010358,0.010358,-,4 603 769
Jan 16  2019,0.010256,0.010380,0.010244,0.010358,-,4 603 769
Jan 15  2019,0.007069,0.010540,0.006236,0.010274,116,4 566 280
Jan 14  2019,0.007069,0.007069,0.007069,0.007069,-,3 141 961
Jan 13  2019,0.007050,0.007075,0.007022,0.007069,-,3 141 961
Jan 12  2019,0.007095,0.007122,0.007028,0.007057,3,3 136 249
Jan 11  2019,0.006971,0.007156,0.006925,0.007102,0,3 156 467
Jan 10  2019,0.008071,0.008125,0.006926,0.006972,3,3 098 844
Jan 09  2019,0.007423,0.008102,0.007397,0.008064,2,3 584 203
Jan 08  2019,0.007813,0.010601,0.007410,0.007410,55,3 293 132
Jan 07  2019,0.007546,0.010734,0.007423,0.007809,131,3 470 678
Jan 06  2019,0.006597,0.007577,0.006578,0.007544,33,3 352 870
Jan 05  2019,0.007579,0.007690,0.006583,0.006598,30,2 932 234
Jan 04  2019,0.007541,0.007663,0.007442,0.007599,3,3 377 317
Jan 03  2019,0.007541,0.007541,0.007541,0.007541,-,3 351 670
Jan 02  2019,0.007611,0.007611,0.007516,0.007541,-,3 351 670
Jan 01  2019,0.006704,0.007604,0.006704,0.007592,50,3 374 018
Dec 31  2018,0.006704,0.006704,0.006704,0.006704,-,2 979 751
Dec 30  2018,0.006704,0.006704,0.006704,0.006704,-,2 979 751
Dec 29  2018,0.006704,0.006704,0.006704,0.006704,-,2 979 751
Dec 28  2018,0.006278,0.006722,0.006265,0.006704,-,2 979 751
Dec 27  2018,0.007714,0.007756,0.006254,0.006272,35,2 787 573
Dec 26  2018,0.010078,0.010078,0.007521,0.007719,34,3 430 618
Dec 25  2018,0.010823,0.010823,0.009992,0.010078,-,4 479 210
Dec 24  2018,0.008011,0.011297,0.008011,0.010801,4,4 800 315
Dec 23  2018,0.008049,0.008177,0.007941,0.008011,-,3 560 399
Dec 22  2018,0.008423,0.008423,0.007829,0.008032,8,3 569 622
Dec 21  2018,0.008593,0.008739,0.008266,0.008423,-,3 743 691
Dec 20  2018,0.008722,0.008861,0.008255,0.008619,3,3 830 819
Dec 19  2018,0.010031,0.010093,0.008665,0.008744,8,3 886 181
Dec 18  2018,0.005716,0.010000,0.005696,0.010000,55,4 444 548
Dec 17  2018,0.005561,0.005908,0.005553,0.005715,5,2 540 142
Dec 16  2018,0.004302,0.005944,0.004299,0.005555,53,2 468 898
Dec 15  2018,0.008847,0.008937,0.002817,0.004303,852,1 912 335
Dec 14  2018,0.008833,0.009070,0.008276,0.008841,25,3 929 162
Dec 13  2018,0.008307,0.008985,0.008141,0.008838,30,3 928 076
Dec 12  2018,0.008448,0.008486,0.007049,0.008303,27,3 690 290
Dec 11  2018,0.009273,0.009273,0.008364,0.008459,23,3 759 439
Dec 10  2018,0.009572,0.009675,0.008435,0.009283,9,4 125 911
Dec 09  2018,0.007341,0.009600,0.007341,0.009585,42,4 259 844
Dec 08  2018,0.007341,0.007341,0.007341,0.007341,-,3 262 686
Dec 07  2018,0.007864,0.007864,0.007338,0.007341,-,3 262 686
Dec 06  2018,0.009370,0.009439,0.007877,0.007877,5,3 501 072
Dec 05  2018,0.008779,0.009686,0.008538,0.009373,127,4 165 965
Dec 04  2018,0.008985,0.008985,0.006809,0.008777,63,3 900 890
Dec 03  2018,0.009326,0.009326,0.008923,0.008985,-,3 993 440
Dec 02  2018,0.009388,0.009661,0.009190,0.009273,41,4 121 551
Dec 01  2018,0.006649,0.009669,0.006649,0.009396,41,4 175 905
Nov 30  2018,0.006649,0.006649,0.006649,0.006649,-,2 955 037
Nov 29  2018,0.006701,0.006930,0.006485,0.006649,-,2 955 037
Nov 28  2018,0.006505,0.006890,0.006505,0.006674,1,2 966 191
Nov 27  2018,0.006404,0.006556,0.006204,0.006505,-,2 891 209
Nov 26  2018,0.007117,0.007117,0.006321,0.006408,2,2 848 080
Nov 25  2018,0.007117,0.007117,0.007117,0.007117,-,3 163 284
Nov 24  2018,0.007149,0.007284,0.007058,0.007117,-,3 163 284
Nov 23  2018,0.008385,0.008385,0.007010,0.007154,110,3 179 538
Nov 22  2018,0.008385,0.008385,0.008385,0.008385,-,3 726 844
Nov 21  2018,0.008385,0.008385,0.008385,0.008385,-,3 726 844
Nov 20  2018,0.008385,0.008385,0.008385,0.008385,-,3 726 844
Nov 19  2018,0.009383,0.009383,0.008258,0.008385,-,3 726 844
Nov 18  2018,0.009510,0.009545,0.009306,0.009380,19,4 168 764
Nov 17  2018,0.010994,0.010994,0.009414,0.009479,9,4 213 067
Nov 16  2018,0.011051,0.011067,0.010991,0.010994,-,4 886 222
Nov 15  2018,0.008503,0.011232,0.008503,0.011055,13,4 913 200
Nov 14  2018,0.009584,0.009620,0.008408,0.008503,-,3 779 276
Nov 13  2018,0.009502,0.012861,0.009502,0.009613,11,4 272 356
Nov 12  2018,0.009502,0.009502,0.009502,0.009502,-,4 223 293
Nov 11  2018,0.009565,0.009588,0.009450,0.009502,-,4 223 293
Nov 10  2018,0.009701,0.009789,0.009511,0.009572,38,4 254 173
Nov 09  2018,0.010550,0.010599,0.009677,0.009702,1,4 312 213
Nov 08  2018,0.012279,0.012302,0.010536,0.010549,24,4 688 622
Nov 07  2018,0.008489,0.012306,0.008452,0.012287,8,5 461 022
Nov 06  2018,0.007796,0.010611,0.007757,0.008489,337,3 763 467
Nov 05  2018,0.007787,0.007837,0.007737,0.007765,10,3 450 956
Nov 04  2018,0.008034,0.008034,0.007706,0.007787,12,3 460 827
Nov 03  2018,0.009628,0.009628,0.008034,0.008034,13,3 570 671
Nov 02  2018,0.009279,0.009642,0.009279,0.009628,32,4 279 138
Nov 01  2018,0.009279,0.009279,0.009279,0.009279,-,4 124 107
Oct 31  2018,0.009279,0.009279,0.009279,0.009279,-,4 124 107
Oct 30  2018,0.009285,0.009322,0.009238,0.009279,-,4 124 107
Oct 29  2018,0.009933,0.009978,0.009224,0.009284,10,4 126 289
Oct 28  2018,0.009255,0.009996,0.009191,0.009984,1,4 437 129
Oct 27  2018,0.008698,0.009268,0.008695,0.009206,24,4 091 342
Oct 26  2018,0.007592,0.008739,0.007582,0.008731,39,3 880 564
Oct 25  2018,0.010045,0.010868,0.006956,0.007604,108,3 379 604
Oct 24  2018,0.009402,0.012281,0.009065,0.010040,168,4 462 400
Oct 23  2018,0.007807,0.009471,0.007807,0.009444,5,4 197 484
Oct 22  2018,0.007778,0.007948,0.007775,0.007808,5,3 470 093
Oct 21  2018,0.006666,0.009044,0.006624,0.007782,44,3 458 684
Oct 20  2018,0.008103,0.008145,0.006613,0.006665,63,2 962 133
Oct 19  2018,0.006217,0.008163,0.006176,0.008102,13,3 601 036
Oct 18  2018,0.005632,0.006268,0.005593,0.006218,17,2 763 529
Oct 17  2018,0.006068,0.006082,0.005586,0.005610,316,2 493 373
Oct 16  2018,0.005737,0.006077,0.005652,0.006047,72,2 687 538
Oct 15  2018,0.005829,0.006584,0.005734,0.005742,32,2 551 947
Oct 14  2018,0.005733,0.005876,0.005733,0.005822,26,2 587 733
Oct 13  2018,0.007860,0.008017,0.005720,0.005731,43,2 547 293
Oct 12  2018,0.007012,0.008240,0.006999,0.007860,19,3 493 218
Oct 11  2018,0.008739,0.008748,0.005489,0.007021,46,3 120 502
Oct 10  2018,0.006523,0.008773,0.005650,0.008769,405,3 897 338
Oct 09  2018,0.016911,0.017266,0.006497,0.006548,1 268,2 910 378
Oct 08  2018,0.024111,0.024150,0.015782,0.016803,286,7 467 867
Oct 07  2018,0.012767,0.026044,0.012704,0.024096,3 287,10 709 511
Oct 06  2018,0.012846,0.012849,0.012704,0.012720,5,5 653 333
Oct 05  2018,0.012711,0.012860,0.012690,0.012817,8,5 696 444
Oct 03  2018,0.012229,0.012262,0.012074,0.012204,51,5 424 178
Oct 02  2018,0.013215,0.013215,0.010903,0.012223,58,5 432 489
Oct 01  2018,0.013265,0.013371,0.013106,0.013252,7,5 889 822
Sep 29  2018,0.012530,0.012530,0.012269,0.012422,7,5 520 667
Sep 28  2018,0.012554,0.013649,0.012395,0.012538,13,5 572 400
Sep 27  2018,0.012300,0.013835,0.012217,0.012551,96,5 578 178
Sep 26  2018,0.012392,0.012625,0.012242,0.012285,750,5 459 956
Sep 25  2018,0.013361,0.013367,0.012264,0.012412,177,5 516 400
Sep 24  2018,0.012987,0.013819,0.012872,0.013376,224,5 944 978
Sep 23  2018,0.016502,0.016545,0.012934,0.012984,294,5 770 711
Sep 22  2018,0.013061,0.020047,0.013000,0.016494,902,7 330 622
Sep 21  2018,0.012567,0.013098,0.012549,0.013051,45,5 800 444
Sep 20  2018,0.014696,0.014775,0.012290,0.012563,295,5 583 733
Sep 19  2018,0.014708,0.014791,0.014646,0.014690,10,6 528 889
Sep 18  2018,0.012471,0.012471,0.012423,0.012440,163,5 528 711
Sep 17  2018,0.012959,0.013017,0.012399,0.012469,195,5 541 911
Sep 16  2018,0.013150,0.013150,0.012844,0.012927,159,5 745 422
Sep 15  2018,0.013150,0.013179,0.013041,0.013113,62,5 827 956
Sep 14  2018,0.012922,0.013098,0.012778,0.012845,1 083,5 708 889
Sep 13  2018,0.015094,0.015350,0.012810,0.012930,1 109,5 746 578
Sep 12  2018,0.012647,0.018558,0.012589,0.015081,262,6 702 756
Sep 11  2018,0.013597,0.013722,0.013388,0.013573,4,6 032 533
Sep 10  2018,0.012583,0.013591,0.012583,0.013574,4,6 032 978
Sep 09  2018,0.014666,0.014717,0.012543,0.012590,71,5 595 644
Sep 08  2018,0.014338,0.015481,0.012908,0.014673,1 450,6 521 156
Sep 07  2018,0.015344,0.015465,0.014320,0.014320,36,6 364 489
Sep 06  2018,0.014572,0.019383,0.013747,0.015361,392,6 827 156
Sep 05  2018,0.013860,0.015996,0.013843,0.014546,86,6 464 978
Sep 04  2018,0.013520,0.016413,0.013499,0.013848,488,6 154 711
Sep 03  2018,0.018730,0.018767,0.013475,0.013520,12,6 008 667
Sep 02  2018,0.018478,0.019753,0.018340,0.018734,93,8 326 222
Sep 01  2018,0.014081,0.020965,0.014064,0.018469,383,8 208 667
Aug 31  2018,0.013219,0.014129,0.013111,0.014098,4,6 265 600
Aug 30  2018,0.014089,0.014137,0.012893,0.013206,14,5 869 467
Aug 29  2018,0.013332,0.014254,0.013212,0.014082,4,6 258 489
Aug 28  2018,0.012944,0.013379,0.012924,0.013320,216,5 920 089
Aug 27  2018,0.012698,0.012969,0.012603,0.012969,5,5 764 044
Aug 26  2018,0.013524,0.013549,0.012510,0.012705,7,5 646 444
Aug 25  2018,0.013398,0.013542,0.013375,0.013495,5,5 997 956
Aug 24  2018,0.012298,0.012309,0.012203,0.012257,362,5 447 511
Aug 23  2018,0.011971,0.012325,0.011949,0.012288,363,5 461 244
Aug 22  2018,0.012711,0.013362,0.011831,0.011968,11,5 319 244
Aug 21  2018,0.012308,0.012741,0.012306,0.012708,30,5 648 178
Aug 20  2018,0.012971,0.013066,0.012286,0.012326,46,5 478 356
Aug 19  2018,0.012610,0.013062,0.012536,0.012992,127,5 774 267
Aug 18  2018,0.012587,0.012627,0.012088,0.012236,16,5 438 356
Aug 17  2018,0.011883,0.013076,0.011855,0.012558,73,5 581 511
Aug 16  2018,0.011751,0.012182,0.011676,0.011883,93,5 281 111
Aug 15  2018,0.012405,0.013201,0.011719,0.011768,246,5 230 000
Aug 14  2018,0.017002,0.018071,0.012227,0.012415,2 393,5 517 689
Aug 13  2018,0.018832,0.019265,0.016889,0.017018,60,7 563 511
Aug 12  2018,0.017015,0.019112,0.015537,0.018839,550,8 372 933
Aug 11  2018,0.017119,0.018881,0.015233,0.017066,336,7 584 844
Aug 10  2018,0.015433,0.017148,0.015004,0.017136,285,7 615 956
Aug 09  2018,0.015518,0.015739,0.014139,0.015449,49,6 866 133
Aug 08  2018,0.016414,0.017152,0.015237,0.015483,28,6 881 244
Aug 07  2018,0.019078,0.021280,0.015777,0.016396,1 219,7 287 156
Aug 06  2018,0.014949,0.020686,0.014949,0.019085,744,8 482 222
Aug 05  2018,0.014965,0.015021,0.014688,0.014931,1,6 636 089
Aug 03  2018,0.018326,0.018326,0.017733,0.018157,75,8 069 822
Aug 02  2018,0.021162,0.021245,0.018220,0.018328,75,8 145 733
Aug 01  2018,0.019134,0.021515,0.019094,0.021150,11,9 400 133
Jul 31  2018,0.020442,0.023878,0.018930,0.019117,239,8 496 622
Jul 30  2018,0.020548,0.021364,0.019690,0.020481,159,9 102 533
Jul 29  2018,0.024164,0.024324,0.020428,0.020536,323,9 127 244
Jul 28  2018,0.022573,0.024096,0.022407,0.024067,16,10 696 400
Jul 27  2018,0.023758,0.023758,0.021659,0.022526,149,10 011 733
Jul 26  2018,0.020592,0.024787,0.020425,0.023771,749,10 564 800
Jul 25  2018,0.023095,0.023632,0.020500,0.020599,231,9 155 200
Jul 24  2018,0.019678,0.024502,0.019635,0.023531,541,10 458 178
Jul 23  2018,0.016463,0.022935,0.016463,0.019649,4 035,8 732 800
Jul 22  2018,0.017619,0.017901,0.016415,0.016482,120,7 325 511
Jul 21  2018,0.017162,0.017692,0.016939,0.017624,5,7 832 667
Jul 20  2018,0.017462,0.017890,0.017062,0.017166,19,7 629 289
Jul 19  2018,0.016440,0.016718,0.016271,0.016651,7,7 400 533
Jul 18  2018,0.015089,0.019211,0.015089,0.016448,208,7 310 222
Jul 17  2018,0.016971,0.017056,0.013791,0.015096,3,6 709 111
Jul 16  2018,0.015272,0.017013,0.015148,0.017013,275,7 561 467
Jul 15  2018,0.015914,0.016227,0.015255,0.015255,3,6 780 222
Jul 14  2018,0.015936,0.016044,0.015817,0.015918,166,7 074 844
Jul 12  2018,0.016188,0.016188,0.012736,0.012738,1,5 661 289
Jul 11  2018,0.015966,0.016322,0.015966,0.016192,97,7 196 444
Jul 10  2018,0.013725,0.015989,0.013100,0.015966,184,7 095 822
Jul 09  2018,0.015727,0.015763,0.013676,0.013735,3,6 104 267
Jul 08  2018,0.016559,0.017174,0.015704,0.015731,70,6 991 467
Jul 07  2018,0.016499,0.016633,0.015786,0.016577,99,7 367 644
Jul 06  2018,0.015912,0.016553,0.015376,0.016526,280,7 345 111
Jul 05  2018,0.015151,0.016862,0.014728,0.015914,565,7 072 978
Jul 04  2018,0.013855,0.015605,0.013719,0.015118,5,6 719 244
Jul 03  2018,0.015960,0.017924,0.009368,0.013861,903,6 160 267
Jul 02  2018,0.016368,0.016767,0.013412,0.016035,249,7 126 622
Jul 01  2018,0.016926,0.017022,0.013392,0.016367,356,7 274 044
Jun 30  2018,0.012571,0.016983,0.009586,0.016923,495,7 521 156
Jun 29  2018,0.014634,0.014760,0.011897,0.012554,130,5 579 689
Jun 28  2018,0.016867,0.016916,0.014542,0.014625,418,6 499 822
Jun 27  2018,0.013319,0.017533,0.013231,0.016861,793,7 493 689
Jun 26  2018,0.013132,0.013725,0.013078,0.013324,21,5 921 911
Jun 25  2018,0.013224,0.014417,0.012521,0.013132,545,5 836 533
Jun 24  2018,0.014368,0.015248,0.010386,0.013249,634,5 888 622
Jun 23  2018,0.012830,0.018255,0.012808,0.014370,650,6 386 800
Jun 22  2018,0.015871,0.015898,0.012603,0.012828,250,5 701 511
Jun 21  2018,0.018104,0.018612,0.015848,0.015888,328,7 061 511
Jun 20  2018,0.015874,0.018768,0.014103,0.018100,697,8 044 578
Jun 19  2018,0.015278,0.020192,0.015198,0.015864,881,7 050 844
Jun 18  2018,0.015089,0.020278,0.014914,0.015286,639,6 793 689
Jun 17  2018,0.015080,0.019705,0.014823,0.015141,803,6 729 244
Jun 16  2018,0.014835,0.019321,0.014699,0.015040,459,6 684 311
Jun 15  2018,0.016012,0.016031,0.014804,0.014889,123,6 617 467
Jun 14  2018,0.014345,0.016248,0.014190,0.016038,110,7 127 956
Jun 13  2018,0.016471,0.016489,0.013875,0.014351,529,6 378 400
Jun 12  2018,0.019791,0.020420,0.016370,0.016429,788,7 301 778
Jun 11  2018,0.018287,0.028557,0.018154,0.019801,1 444,8 800 533
Jun 10  2018,0.015311,0.029022,0.014681,0.018261,4 453,8 115 956
Jun 09  2018,0.017568,0.018359,0.015292,0.015292,455,6 796 311
Jun 08  2018,0.013598,0.024281,0.013144,0.017576,1 601,7 811 422
Jun 07  2018,0.014165,0.014334,0.013368,0.013588,207,6 038 978
Jun 06  2018,0.013333,0.015890,0.013082,0.014152,473,6 289 778
Jun 05  2018,0.014670,0.014686,0.012383,0.013336,96,5 927 200
Jun 04  2018,0.013876,0.014750,0.012857,0.014663,201,6 516 889
Jun 03  2018,0.014430,0.014978,0.014210,0.014948,171,6 643 689
Jun 02  2018,0.015540,0.015553,0.014344,0.014426,425,6 411 556
Jun 01  2018,0.012586,0.019025,0.012567,0.015547,1 666,6 909 644
May 31  2018,0.011812,0.012749,0.011766,0.012577,12,5 589 689
May 30  2018,0.012017,0.012156,0.011688,0.011815,37,5 250 889
May 29  2018,0.012176,0.013701,0.011967,0.012009,198,5 337 156
May 28  2018,0.012248,0.014485,0.012162,0.012180,704,5 413 111
May 27  2018,0.013932,0.013932,0.012131,0.012245,300,5 442 133
May 26  2018,0.015550,0.015867,0.013850,0.013926,29,6 189 111
May 25  2018,0.012762,0.018947,0.012157,0.015571,2 393,6 920 267
May 24  2018,0.016150,0.016568,0.011542,0.012738,1 597,5 661 511
May 23  2018,0.017707,0.017758,0.015776,0.016190,415,7 195 733
May 22  2018,0.020370,0.021345,0.017623,0.017729,1 201,7 879 600
May 21  2018,0.018985,0.033497,0.018579,0.020374,4 609,9 055 156
May 20  2018,0.011550,0.019344,0.011475,0.018961,6 729,8 427 200
May 19  2018,0.011491,0.011737,0.011412,0.011541,46,5 129 422
May 18  2018,0.011026,0.011525,0.010213,0.011493,52,5 108 044
May 17  2018,0.011467,0.012084,0.010953,0.011017,41,4 896 311
May 16  2018,0.012285,0.012295,0.011104,0.011460,14,5 093 511
May 15  2018,0.011635,0.012388,0.011523,0.012292,369,5 463 244
May 14  2018,0.012845,0.012872,0.011351,0.011655,33,5 179 911
May 13  2018,0.012019,0.012942,0.011702,0.012847,726,5 709 733
May 12  2018,0.013684,0.013795,0.011533,0.012024,243,5 343 778
May 11  2018,0.014732,0.014732,0.013634,0.013724,13,6 099 600
May 10  2018,0.014716,0.015289,0.013798,0.014714,203,6 539 644
May 09  2018,0.016354,0.016880,0.014597,0.014720,43,6 542 222
May 08  2018,0.014551,0.019215,0.014551,0.016379,1 526,7 279 733
May 07  2018,0.016151,0.016860,0.013947,0.014521,1 404,6 453 600
May 06  2018,0.019038,0.019217,0.016110,0.016139,30,7 173 067
May 05  2018,0.015935,0.019225,0.015910,0.019025,631,8 455 689
May 04  2018,0.015994,0.016897,0.008271,0.015943,767,7 085 733
May 03  2018,0.019288,0.021069,0.015812,0.016000,2,7 111 289
May 02  2018,0.010897,0.019287,0.009271,0.019287,434,8 572 133
May 01  2018,0.020180,0.020180,0.010280,0.010913,1 232,4 850 444
Apr 30  2018,0.022471,0.022868,0.020162,0.020162,323,8 960 978
Apr 29  2018,0.021588,0.022479,0.018462,0.022479,38,9 990 444
Apr 28  2018,0.017801,0.021796,0.017755,0.021596,185,9 598 400
Apr 27  2018,0.021336,0.022334,0.017862,0.017862,55,7 938 711
Apr 26  2018,0.019814,0.021354,0.018243,0.021307,237,9 469 733
Apr 25  2018,0.022149,0.022149,0.019242,0.019757,147,8 780 933
Apr 24  2018,0.018304,0.022358,0.018296,0.022358,259,9 936 844
Apr 23  2018,0.019269,0.019357,0.016713,0.018289,79,8 128 356
Apr 22  2018,0.021257,0.021721,0.017755,0.019308,126,8 581 422
Apr 21  2018,0.020291,0.021386,0.018883,0.021257,230,9 447 378
Apr 20  2018,0.018737,0.037981,0.018725,0.020284,4 030,9 014 978
Apr 19  2018,0.018854,0.021081,0.017281,0.018725,191,8 322 178
Apr 18  2018,0.017685,0.019022,0.017211,0.018840,78,8 373 289
Apr 17  2018,0.019713,0.020496,0.017663,0.017669,114,7 852 756
Apr 16  2018,0.020580,0.021196,0.018273,0.019703,427,8 757 111
Apr 15  2018,0.020558,0.022308,0.017988,0.020589,4 654,9 150 622
Apr 14  2018,0.018483,0.020751,0.017020,0.020536,225,9 127 156
Apr 13  2018,0.016650,0.020302,0.016206,0.018483,1 450,8 214 844
Apr 12  2018,0.019259,0.019270,0.014234,0.016629,253,7 390 800
Apr 11  2018,0.016853,0.019306,0.016746,0.019306,107,8 580 489
Apr 10  2018,0.015929,0.017475,0.015378,0.016837,92,7 482 933
Apr 09  2018,0.016421,0.016840,0.015442,0.015916,187,7 073 644
Apr 08  2018,0.015691,0.022959,0.015691,0.016395,10,7 286 578
Apr 07  2018,0.015078,0.016071,0.015056,0.015677,328,6 967 600
Apr 06  2018,0.015928,0.016095,0.014928,0.015060,117,6 693 378
Apr 05  2018,0.015697,0.016052,0.015155,0.016010,66,7 115 600
Apr 04  2018,0.017029,0.017029,0.015311,0.015690,349,6 973 378
Apr 03  2018,0.016105,0.017849,0.016053,0.017040,24,7 573 511
Apr 02  2018,0.015527,0.016376,0.015426,0.016093,12,7 152 578
Apr 01  2018,0.015736,0.016672,0.014763,0.015451,288,6 867 111
Mar 31  2018,0.015084,0.016422,0.015040,0.015737,11,6 994 222
Mar 30  2018,0.015840,0.015840,0.014448,0.015082,12,6 703 156
Mar 29  2018,0.018559,0.018559,0.015508,0.015879,91,7 057 378
Mar 28  2018,0.017642,0.018697,0.016338,0.018538,323,8 238 933
Mar 27  2018,0.018596,0.018658,0.017623,0.017646,76,7 842 578
Mar 26  2018,0.018172,0.018814,0.017863,0.018624,192,8 277 467
Mar 25  2018,0.019396,0.020736,0.018104,0.018186,172,8 082 533
Mar 24  2018,0.020714,0.021879,0.019611,0.019666,295,8 740 578
Mar 23  2018,0.019385,0.023980,0.018327,0.021589,5 873,9 594 933
Mar 22  2018,0.021406,0.042989,0.017465,0.019385,6 093,8 615 644
Mar 21  2018,0.021268,0.022259,0.020675,0.021445,106,9 531 156
Mar 20  2018,0.020868,0.021702,0.020198,0.021229,49,9 435 156
Mar 19  2018,0.020379,0.021235,0.019396,0.020638,166,9 172 444
Mar 18  2018,0.019487,0.020677,0.018186,0.020465,142,9 095 689
Mar 17  2018,0.020018,0.021497,0.018739,0.019535,130,8 682 044
Mar 16  2018,0.025282,0.025451,0.019985,0.019985,370,8 882 178
Mar 15  2018,0.030556,0.049363,0.019168,0.025297,11 573,11 242 933
Mar 14  2018,0.021850,0.052199,0.018595,0.030570,23 390,13 586 800
Mar 13  2018,0.020904,0.021995,0.020375,0.021847,133,9 709 644
Mar 12  2018,0.022047,0.022752,0.020268,0.021025,92,9 344 356
Mar 11  2018,0.020771,0.023538,0.019460,0.022117,327,9 829 822
Mar 10  2018,0.021292,0.022524,0.020662,0.020843,70,9 263 644
Mar 09  2018,0.022118,0.022379,0.019522,0.021282,529,9 458 844
Mar 08  2018,0.022726,0.024122,0.021660,0.022259,113,9 893 022
Mar 07  2018,0.024618,0.024989,0.021693,0.022734,40,10 103 956
Mar 06  2018,0.026462,0.026981,0.024369,0.024650,140,10 955 733
Mar 05  2018,0.027134,0.027536,0.026369,0.026535,284,11 793 556
Mar 04  2018,0.026998,0.027154,0.026190,0.027154,36,12 068 533
Mar 03  2018,0.026667,0.027731,0.026632,0.027045,32,12 019 822
Mar 02  2018,0.026496,0.027095,0.026256,0.026700,123,11 866 489
Mar 01  2018,0.026122,0.030324,0.025116,0.026564,166,11 806 267
Feb 28  2018,0.026874,0.028245,0.026061,0.026084,49,11 592 800
Feb 27  2018,0.028873,0.032177,0.026835,0.026906,217,11 958 222
Feb 26  2018,0.028760,0.030905,0.025500,0.028789,60,12 795 289
Feb 25  2018,0.029088,0.029691,0.024222,0.028723,201,12 765 689
Feb 24  2018,0.030122,0.031456,0.028283,0.029132,61,12 947 644
Feb 23  2018,0.030027,0.030689,0.028806,0.030160,742,13 404 622
Feb 22  2018,0.032118,0.032720,0.029247,0.030055,1 808,13 357 778
Feb 21  2018,0.032245,0.033888,0.030720,0.032151,630,14 289 156
Feb 20  2018,0.035868,0.037327,0.022464,0.032285,628,14 348 800
Feb 19  2018,0.031541,0.036737,0.031441,0.035835,491,15 926 800
Feb 18  2018,0.031599,0.034379,0.026461,0.031686,1 159,14 082 844
Feb 17  2018,0.028226,0.039434,0.027863,0.031502,2 853,14 000 978
Feb 16  2018,0.028909,0.029410,0.027286,0.028233,139,12 547 822
Feb 15  2018,0.030103,0.032821,0.027836,0.029033,817,12 903 689
Feb 14  2018,0.030924,0.032267,0.026176,0.030084,1 645,13 370 711
Feb 13  2018,0.030309,0.032231,0.026818,0.031016,1 860,13 784 889
Feb 12  2018,0.032039,0.038069,0.029913,0.030254,1 095,13 446 178
Feb 11  2018,0.037837,0.040985,0.031836,0.031836,3 184,14 149 467
Feb 10  2018,0.036106,0.038650,0.033560,0.037870,1 183,16 830 978
Feb 09  2018,0.032746,0.038050,0.028189,0.036080,3 684,16 035 511
Feb 08  2018,0.031058,0.034841,0.030536,0.032645,760,14 508 978
Feb 07  2018,0.029368,0.040949,0.027639,0.031183,1 863,13 858 933
Feb 06  2018,0.028080,0.036517,0.023728,0.029665,3 187,13 184 533
Feb 05  2018,0.037808,0.044386,0.027243,0.028044,4 790,12 464 089
Feb 04  2018,0.035415,0.046092,0.033269,0.038178,5 313,16 968 089
Feb 03  2018,0.042945,0.053307,0.030408,0.035397,22 369,15 731 911
Feb 02  2018,0.021755,0.052844,0.020340,0.043110,44 692,19 159 867
Feb 01  2018,0.026543,0.026657,0.020666,0.021800,748,9 688 933
Jan 31  2018,0.026538,0.026975,0.023660,0.026481,1 258,11 769 422
Jan 30  2018,0.028909,0.045636,0.023649,0.026496,19 935,11 776 000
Jan 29  2018,0.027831,0.071647,0.027061,0.028899,4 915,12 844 089
Jan 28  2018,0.028558,0.035932,0.027857,0.027857,871,12 381 111
Jan 27  2018,0.025812,0.033674,0.021840,0.028338,2 308,12 594 711
Jan 26  2018,0.034199,0.035735,0.025663,0.027833,682,12 370 089
Jan 25  2018,0.034505,0.037002,0.033828,0.034290,671,15 239 911
Jan 24  2018,0.033615,0.036922,0.032699,0.033946,1 430,15 087 200
Jan 23  2018,0.036708,0.039616,0.031024,0.033634,1 391,14 948 356
Jan 22  2018,0.035543,0.041857,0.031637,0.036806,1 163,16 358 044
Jan 21  2018,0.043658,0.043658,0.034424,0.035064,1 699,15 583 867
Jan 20  2018,0.036031,0.046654,0.035932,0.043556,3 273,19 358 400
Jan 19  2018,0.040571,0.048800,0.034431,0.035643,2 133,15 841 556
Jan 18  2018,0.039158,0.046465,0.026906,0.041003,6 026,18 223 644
Jan 17  2018,0.035729,0.049511,0.030880,0.042478,4 540,18 879 244
Jan 16  2018,0.047008,0.071111,0.033621,0.035911,15 636,15 960 578
Jan 15  2018,0.053872,0.057937,0.044339,0.046950,2 432,20 866 578
Jan 14  2018,0.064981,0.070438,0.042663,0.054266,20 122,24 118 133
Jan 13  2018,0.121050,0.122021,0.046014,0.064939,26 020,28 861 556
Jan 12  2018,0.106591,0.122016,0.087958,0.121188,5 520,53 861 333
Jan 11  2018,0.099683,0.123361,0.087025,0.105892,12 776,47 063 111
Jan 10  2018,0.127461,0.173214,0.095421,0.099795,13 146,44 353 467
Jan 09  2018,0.099458,0.186572,0.097190,0.127294,33 130,56 575 111
Jan 08  2018,0.081019,0.099730,0.070077,0.099730,6 680,44 324 222
Jan 07  2018,0.061741,0.097173,0.055349,0.081133,33 275,36 059 067
Jan 06  2018,0.055831,0.061481,0.025770,0.053237,5 282,23 660 800
Jan 05  2018,0.046257,0.065851,0.044671,0.055818,4 891,24 807 867
Jan 04  2018,0.044612,0.047530,0.035055,0.046224,2 989,20 544 000
Jan 03  2018,0.035373,0.058296,0.034699,0.044383,2 101,19 725 867
Jan 02  2018,0.033014,0.040269,0.029908,0.035470,1 407,15 764 533
Jan 01  2018,0.037246,0.051043,0.025594,0.033022,601,14 676 400
Dec 31  2017,0.025053,0.036226,0.024171,0.028839,625,12 817 467
Dec 30  2017,0.035240,0.036507,0.025326,0.025326,373,11 256 089
Dec 29  2017,0.031272,0.037995,0.025731,0.035329,891,15 702 000
Dec 28  2017,0.052752,0.052970,0.028949,0.030975,966,13 766 578
Dec 27  2017,0.036561,0.052772,0.029080,0.052772,475,23 454 133
Dec 26  2017,0.028147,0.036529,0.022213,0.036529,361,16 235 200
Dec 25  2017,0.025911,0.038929,0.024658,0.028172,959,12 520 667
Dec 24  2017,0.027550,0.032134,0.018020,0.025675,5 986,11 411 111
Dec 23  2017,0.019300,0.034856,0.018994,0.027441,1 590,12 196 178
Dec 22  2017,0.014761,0.022233,0.012539,0.019131,1 516,8 502 533
Dec 21  2017,0.018431,0.025469,0.014582,0.014711,2 265,6 538 044
Dec 20  2017,0.017727,0.018444,0.015239,0.018385,370,8 171 022
Dec 19  2017,0.020630,0.040454,0.017229,0.017744,2 467,7 886 044
Dec 18  2017,0.019376,0.023844,0.018253,0.020569,587,9 141 911
Dec 17  2017,0.016720,0.019913,0.016381,0.019322,108,8 587 378
Dec 16  2017,0.016641,0.017636,0.014985,0.016704,557,7 423 911
Dec 15  2017,0.017524,0.019039,0.016578,0.016620,33,7 386 800
Dec 14  2017,0.014446,0.017528,0.014346,0.017498,383,7 776 933
Dec 13  2017,0.017913,0.018842,0.013631,0.014492,1 077,6 440 844
Dec 12  2017,0.014661,0.019005,0.014496,0.017898,167,7 954 533
Dec 11  2017,0.015098,0.015984,0.013370,0.014607,158,6 491 956
Dec 10  2017,0.012895,0.015650,0.011274,0.015307,78,6 803 156
Dec 09  2017,0.013493,0.017290,0.009808,0.012853,230,5 712 400
Dec 08  2017,0.010690,0.033199,0.009882,0.013500,448,6 000 000
Dec 07  2017,0.012093,0.013557,0.009177,0.010665,1 931,4 739 778
Dec 06  2017,0.012442,0.013925,0.010995,0.012114,722,5 383 911
Dec 05  2017,0.012466,0.012559,0.011846,0.012469,407,5 541 911
Dec 04  2017,0.011354,0.012442,0.010143,0.012442,300,5 529 600
Dec 03  2017,0.010719,0.011998,0.010694,0.011317,159,5 029 644
Dec 02  2017,0.009941,0.012444,0.009752,0.010709,148,4 759 600
Dec 01  2017,0.010041,0.012056,0.009659,0.009950,1 242,4 422 027
Nov 30  2017,0.009990,0.012097,0.009538,0.010091,787,4 484 667
Nov 29  2017,0.010830,0.012560,0.009193,0.009839,570,4 372 702
Nov 28  2017,0.010206,0.011092,0.010156,0.010780,152,4 791 156
Nov 27  2017,0.010220,0.012010,0.009962,0.010179,152,4 524 133
Nov 26  2017,0.012916,0.013129,0.009524,0.010217,178,4 541 067
Nov 25  2017,0.011111,0.012919,0.009539,0.012919,122,5 741 778
Nov 24  2017,0.011239,0.013128,0.010875,0.011133,114,4 948 000
Nov 23  2017,0.014506,0.017005,0.010458,0.011285,392,5 015 511
Nov 22  2017,0.018003,0.018291,0.009590,0.014572,2 173,6 476 444
Nov 21  2017,0.010763,0.023075,0.009102,0.017959,1 099,7 982 000
Nov 20  2017,0.011704,0.023601,0.008876,0.010761,2 035,4 782 622
Nov 19  2017,0.010712,0.012211,0.008706,0.011711,167,5 204 889
Nov 18  2017,0.011001,0.012618,0.010232,0.010729,125,4 768 356
Nov 17  2017,0.014495,0.014629,0.010894,0.011043,38,4 908 089
Nov 16  2017,0.012641,0.014852,0.012087,0.014518,42,6 452 622
Nov 15  2017,0.012863,0.016953,0.009792,0.012576,818,5 589 156
Nov 14  2017,0.013653,0.014359,0.012507,0.012854,93,5 712 933
Nov 13  2017,0.009924,0.015146,0.008985,0.013632,48,6 058 889
Nov 12  2017,0.012955,0.013084,0.009580,0.009911,74,4 404 738
Nov 11  2017,0.016563,0.019546,0.011062,0.012939,660,5 750 889
Nov 10  2017,0.016498,0.020847,0.013531,0.016630,11,7 391 022
Nov 09  2017,0.015743,0.016480,0.014248,0.016462,75,7 316 356
Nov 08  2017,0.014606,0.018316,0.014270,0.015759,613,7 004 133
Nov 07  2017,0.020727,0.021446,0.013212,0.014652,35,6 512 000
Nov 06  2017,0.020818,0.026802,0.012514,0.020760,1 913,9 226 844
Nov 05  2017,0.020675,0.020952,0.012779,0.020772,260,9 231 956
Nov 04  2017,0.016319,0.021560,0.015073,0.020715,206,9 206 489
Nov 03  2017,0.018668,0.020451,0.012651,0.016362,255,7 271 956
Nov 02  2017,0.015497,0.021071,0.015136,0.018692,5 930,8 307 689
Nov 01  2017,0.016751,0.017130,0.014491,0.015477,221,6 878 756
Oct 31  2017,0.016083,0.018848,0.015929,0.016763,66,7 450 267
Oct 30  2017,0.016008,0.018399,0.015842,0.016138,6,7 172 622
Oct 29  2017,0.015785,0.018544,0.014922,0.016116,24,7 162 578
Oct 28  2017,0.016894,0.017207,0.013729,0.015809,799,7 026 400
Oct 27  2017,0.014799,0.018698,0.014474,0.016848,549,7 487 867
Oct 26  2017,0.017830,0.018625,0.014584,0.014796,569,6 576 133
Oct 25  2017,0.014479,0.018331,0.014008,0.017832,1 353,7 925 378
Oct 24  2017,0.015782,0.017214,0.014380,0.014473,454,6 432 356
Oct 23  2017,0.016826,0.018014,0.015625,0.015818,236,7 030 133
Oct 22  2017,0.016332,0.017914,0.015710,0.016853,290,7 490 089
Oct 21  2017,0.016669,0.017361,0.016059,0.016327,161,7 256 578
Oct 20  2017,0.014049,0.016994,0.014049,0.016704,119,7 424 089
Oct 19  2017,0.015035,0.015333,0.012526,0.014045,98,6 242 089
Oct 18  2017,0.015113,0.015113,0.013931,0.015027,209,6 678 889
Oct 17  2017,0.019279,0.019334,0.014834,0.015112,398,6 716 311
Oct 16  2017,0.018983,0.019376,0.014979,0.019275,21,8 566 889
Oct 15  2017,0.017255,0.020162,0.017242,0.018980,45,8 435 689
Oct 14  2017,0.018455,0.019199,0.017426,0.017500,43,7 777 689
Oct 13  2017,0.019754,0.021029,0.016533,0.017127,3 175,7 611 778
Oct 12  2017,0.018699,0.020087,0.018544,0.019693,337,8 752 667
Oct 11  2017,0.018031,0.019022,0.016679,0.018683,64,8 303 600
Oct 10  2017,0.017685,0.018173,0.016867,0.018034,13,8 014 978
Oct 09  2017,0.017461,0.018517,0.016408,0.017681,1 386,7 858 044
Oct 08  2017,0.017065,0.017602,0.015171,0.017460,2 127,7 759 778
Oct 07  2017,0.017880,0.017929,0.014814,0.017110,1 468,7 604 311
Oct 06  2017,0.017176,0.020708,0.017049,0.017874,2 322,7 944 000
Oct 05  2017,0.017148,0.017388,0.016386,0.017176,651,7 633 733
Oct 04  2017,0.018707,0.018825,0.016821,0.017132,106,7 614 267
Oct 03  2017,0.020119,0.020925,0.017145,0.018664,1 557,8 295 022
Oct 02  2017,0.017951,0.020781,0.017937,0.020118,7 256,8 941 333
Oct 01  2017,0.019307,0.019525,0.017813,0.017959,94,7 981 689
Sep 30  2017,0.019849,0.020731,0.019137,0.019297,56,8 576 667
Sep 29  2017,0.020781,0.021506,0.017204,0.019846,199,8 820 533
Sep 28  2017,0.029153,0.029201,0.020695,0.020797,5 254,9 243 244
Sep 27  2017,0.023787,0.029272,0.022730,0.029152,23 307,12 956 489
Sep 26  2017,0.021293,0.039680,0.021174,0.023853,8 824,10 601 422
Sep 25  2017,0.019424,0.026899,0.019417,0.021295,26 938,9 464 222
Sep 24  2017,0.017389,0.023121,0.016266,0.019444,51 530,8 641 600
Sep 23  2017,0.015716,0.020899,0.014779,0.017390,40 792,7 728 844
Sep 22  2017,0.016143,0.018900,0.015045,0.015764,402,7 006 222
Sep 21  2017,0.021622,0.022141,0.015994,0.016162,8 343,7 183 067
Sep 20  2017,0.024442,0.024524,0.020404,0.021729,1 360,9 657 200
Sep 19  2017,0.023827,0.027057,0.022450,0.024475,4 133,10 877 689
Sep 18  2017,0.021723,0.027204,0.021723,0.023769,3 088,10 564 133
Sep 17  2017,0.022613,0.024029,0.021497,0.021766,4 565,9 673 822
Sep 16  2017,0.026120,0.027328,0.021360,0.022629,9 580,10 057 244
Sep 15  2017,0.021473,0.026922,0.019803,0.026230,11 029,11 657 644
Sep 14  2017,0.028943,0.029882,0.022702,0.022702,2 807,10 089 689
Sep 13  2017,0.029178,0.029482,0.026457,0.028941,11 222,12 862 844
Sep 12  2017,0.029467,0.030990,0.028718,0.029169,3 101,12 963 822
Sep 11  2017,0.029824,0.030483,0.028852,0.029477,3 218,13 100 800
Sep 10  2017,0.031177,0.031177,0.028415,0.029733,282,13 214 533
Sep 09  2017,0.030302,0.031778,0.029443,0.031144,5 397,13 841 956
Sep 08  2017,0.032437,0.033662,0.029013,0.030243,986,13 441 378
Sep 07  2017,0.033247,0.033252,0.031622,0.032430,3 628,14 413 422
Sep 06  2017,0.032237,0.034019,0.031740,0.033311,8 938,14 804 711
Sep 05  2017,0.031485,0.032808,0.029793,0.032201,8 082,14 311 422
Sep 04  2017,0.033303,0.033327,0.029900,0.031598,217,14 043 467
Sep 03  2017,0.035356,0.035781,0.031960,0.033292,5 532,14 796 356
Sep 02  2017,0.035531,0.036428,0.032790,0.035334,425,15 704 178
Sep 01  2017,0.036051,0.038310,0.034457,0.035487,21 402,15 771 867
Aug 31  2017,0.035763,0.040353,0.035507,0.036044,1 725,16 019 733
Aug 30  2017,0.040684,0.041005,0.035817,0.035826,6 839,15 922 578
Aug 29  2017,0.036250,0.040924,0.035821,0.040707,7 317,18 092 222
Aug 28  2017,0.034865,0.038405,0.034722,0.036256,2 075,16 113 822
Aug 27  2017,0.036362,0.036835,0.028322,0.034830,5 667,15 480 133
Aug 26  2017,0.036047,0.038850,0.035260,0.036371,9 675,16 165 067
Aug 25  2017,0.036384,0.039071,0.035762,0.035978,3 322,15 990 267
Aug 24  2017,0.036167,0.037121,0.035095,0.036441,12 339,16 196 000
Aug 23  2017,0.034748,0.038730,0.034630,0.036151,17 294,16 066 889
Aug 22  2017,0.033709,0.037603,0.030440,0.034819,12 999,15 475 244
Aug 21  2017,0.034322,0.034983,0.033362,0.033631,12 528,14 946 889
Aug 20  2017,0.035683,0.035683,0.034453,0.034453,9 646,15 312 578
Aug 19  2017,0.035809,0.036468,0.033734,0.035845,1 630,15 930 933
Aug 18  2017,0.036377,0.037678,0.034653,0.035839,9 639,15 928 533
Aug 17  2017,0.038227,0.038368,0.035654,0.036489,9 470,16 217 156
Aug 16  2017,0.037442,0.038380,0.033812,0.038262,20 150,17 005 378
Aug 15  2017,0.037780,0.040094,0.033955,0.037402,21 161,16 622 889
Aug 14  2017,0.036558,0.039211,0.035170,0.037678,10 552,16 745 911
Aug 13  2017,0.037239,0.039084,0.034253,0.036534,5 986,16 237 556
Aug 12  2017,0.040154,0.043365,0.034209,0.037274,24 097,16 566 044
Aug 11  2017,0.039115,0.043118,0.038868,0.040185,12 194,17 860 044
Aug 10  2017,0.040483,0.041692,0.037157,0.039117,25 937,17 385 244
Aug 09  2017,0.043078,0.043352,0.037180,0.040479,15 934,17 990 844
Aug 08  2017,0.043957,0.044011,0.042241,0.043107,8 286,19 158 667
Aug 07  2017,0.042568,0.045125,0.041363,0.043912,51 772,19 516 578
Aug 06  2017,0.042056,0.044492,0.039816,0.042663,29 830,18 961 333
Aug 05  2017,0.038851,0.044547,0.038783,0.042078,56 305,18 701 422
Aug 04  2017,0.035376,0.039163,0.035102,0.038896,62 622,17 287 289
Aug 03  2017,0.034036,0.035371,0.034036,0.035371,14 452,15 720 356
Aug 02  2017,0.034526,0.034816,0.033589,0.033987,24 318,15 105 333
Aug 01  2017,0.036155,0.036714,0.033542,0.034532,11 786,15 347 778
Jul 31  2017,0.034614,0.036288,0.034108,0.036138,8 699,16 061 200
Jul 30  2017,0.034439,0.034674,0.032885,0.034578,22 943,15 368 000
Jul 29  2017,0.035421,0.035421,0.033853,0.034408,1 515,15 292 444
Jul 28  2017,0.034047,0.036218,0.034047,0.035286,1 799,15 682 667
Jul 27  2017,0.032365,0.034492,0.031832,0.033788,15 900,15 016 756
Jul 26  2017,0.032332,0.035283,0.031406,0.032274,19 009,14 344 044
Jul 25  2017,0.034811,0.035176,0.030972,0.032317,42 654,14 363 289
Jul 24  2017,0.034849,0.035297,0.034236,0.034760,4 338,15 449 022
Jul 23  2017,0.036230,0.036902,0.033561,0.034890,34 859,15 506 578
Jul 22  2017,0.033770,0.036951,0.033608,0.036230,16 341,16 102 178
Jul 21  2017,0.035739,0.036932,0.033090,0.033776,22 193,15 011 733
Jul 20  2017,0.028529,0.036972,0.028529,0.035476,46 294,-
Jul 19  2017,0.029638,0.031952,0.028216,0.028615,2 349,-
Jul 18  2017,0.029675,0.031368,0.027288,0.029591,28 001,-
Jul 17  2017,0.025453,0.030399,0.024808,0.029599,24 073,-
Jul 16  2017,0.027521,0.028019,0.024591,0.025481,19 994,-
Jul 15  2017,0.029995,0.037829,0.025141,0.027604,34 365,-
Jul 14  2017,0.029728,0.030628,0.027983,0.030047,37 716,-
Jul 13  2017,0.030163,0.030557,0.029315,0.029750,6 485,-
Jul 12  2017,0.029296,0.030624,0.028423,0.030141,10 782,-
Jul 11  2017,0.030004,0.030487,0.028859,0.029340,7 570,-
Jul 10  2017,0.032067,0.032117,0.022805,0.030068,61 731,-
Jul 09  2017,0.033396,0.037272,0.031623,0.032005,70 384,-
Jul 08  2017,0.033222,0.035566,0.031328,0.033367,56 904,-
Jul 07  2017,0.033000,0.034894,0.028026,0.033194,117 866,-
Jul 06  2017,0.032349,0.034654,0.031064,0.032975,27 457,-
Jul 05  2017,0.036712,0.041336,0.030582,0.032333,41 297,-
